זיהוי תחנה,שם עברית,שם אנגלית,שם קודם,תאריך הקמה,שטח היקוות (קמר),X .נ.צ,Y .נ.צ,קשר עם תחנה קודמת,תחום התנקזות ראשי,סטטוס תחנה
1102,בצת-כביש 4,BEZET- ROAD 4,כרכרה,27/01/2015,102,211086,775565,,בצת,לא פעילה
1105,בצת - ע''י אילון,BEZET - NEAR AYYALON,,01/10/1949,71,221150,775650,1106,בצת,לא פעילה
1106,בצת - ע''י חורבת כרכרה,BEZET - NEAR AYYALON,,01/10/1944,71,220950,775350,,בצת,לא פעילה
2105,כזיב - גשר הזיו,KEZIV - HAZIV BRIDGE,כביר,01/10/1966,130,210315,772922,,כזיב,פעילה
2106,כזיב - גשר הרכבת,KEZIV - RAILWAY BRIDGE, כביר,01/10/1944,131,210100,772800,2105,כזיב,לא פעילה
2150,כזיב - במעלה עין חרדלית,KEZIV,,01/10/1951,,217750,772010,,כזיב,לא פעילה
2151,כזיב - במורד עין חרדלית,KEZIV,,01/10/1932,,217650,772050,,כזיב,לא פעילה
2155,כזיב - ע''י חורבת מנוות,KEZIV,,01/10/1949,,216640,771980,,כזיב,לא פעילה
2160,כזיב - בתעלת מנוות,KEZIV,,01/10/1932,,214070,772130,,כזיב,לא פעילה
2165,כזיב - בסוף התעלה,KEZIV,,01/10/1946,,212370,771710,,כזיב,לא פעילה
3110,שעל -קיבוץ סער,SHA'AL- SA'AR QIBUTZ,,27/01/2015,16,211618,770642,,שעל,לא פעילה
4102,געתון - בגשר הכביש ליחיעם,GA'ATON,,01/10/1949,19,216600,768750,,געתון,לא פעילה
4105,געתון - ע''י כברי,GA'ATON,,01/10/1951,33,214660,768030,4106,געתון,לא פעילה
4106,געתון - ע''י כביש עמקה,GA'ATON - NEAR EMEQ RD.,,01/10/1952,34,213960,768030,,געתון,לא פעילה
4110,געתון - בן עמי,GA'TON - BEN 'AMMI,,01/10/1968,37,212553,767197,,געתון,פעילה
4115,געתון - ע''י נהריה,GA'ATON - NAHARIYA,,01/10/1944,48,209130,767980,,געתון,לא פעילה
5105,בית העמק - ע''י הכביש לעמקה,BET HA'EMEQ - NEAR EMEQ RD.,,01/10/1957,58,214100,765770,,בית העמק,לא פעילה
5109,בית העמק - כביש חיפה-נהריה,BET HA'EMEQ - HAIFA-NAHARIYA RD.,,01/10/1998,71,209280,765640,,בית העמק,לא פעילה
5110,בית העמק - שבי ציון,BET HA'EMEQ - SHAVE ZIYYON,ואדי מג'נונה,01/10/1944,68,208421,765429,,בית העמק,פעילה
6110,יסף-במורד אמת המים,YASAF-DOWNSTREAM  THE WATER METER,,01/10/2012,65,209128,762590,,יסף,לא פעילה
7105,חלזון - עי יסעור,HILLAZON - YAS-UR,חלזון - עי בידווה,01/10/1943,163,217498,755643,,נעמן,פעילה
7130,נעמן - ע''י בריכות אפק,NA'AMAN,,01/10/1952,,210230,751780,,נעמן,לא פעילה
7135,נעמן - באפיק הישן,NA'AMAN,,01/10/1952,,210240,753460,,נעמן,לא פעילה
7140,נעמן - ע''י כפר מסריק,NA'AMAN,,01/10/1952,,210300,754660,,נעמן,לא פעילה
7145,נעמן - בגשר לבריכות הדגים,NA'AMAN,,01/10/1943,320,209940,756700,,נעמן,לא פעילה
7150,נעמן - .בגשר ק.ק.ל,NA'AMAN,,01/10/1943,325,209430,757440,,נעמן,לא פעילה
7190,נעמן - בגשר הרכבת,NA'AMAN,,01/10/1947,,208100,757400,,נעמן,לא פעילה
7192,נעמן - בשפך לים,NA'AMAN,,01/10/1952,,207950,757300,,נעמן,לא פעילה
8101,קישון - בגשר הרכבת,QISHON,,01/10/1962,95,226850,710650,,קישון,לא פעילה
8102,קסלן - ע''י מוקבליה,,,01/10/1953,,227660,713510,,קישון,לא פעילה
8103,קישון - ע''י מוקבילה,QISHON,,01/10/1953,,226440,714030,,קישון,לא פעילה
8105,קישון - (ע:י כפר ברוך (מאגר,QISHON,,01/10/1953,,219000,727000,,קישון,לא פעילה
8106,זבדון - בכביש הסרגל,,,01/10/1962,32,221750,713980,,קישון,לא פעילה
8108,עוז - ע''י גבעת עוז,,,01/10/1953,,219050,718100,,קישון,לא פעילה
8109,נענק - בכביש הסרגל,,"ואדי ג'מוס ע""י כביש הסרגל",01/10/1953,,223800,722300,,קישון,לא פעילה
8110,קישון - בכביש הסרגל,QISHON,,01/10/1953,,224500,722620,,קישון,לא פעילה
8111,עדשים - ע''י בלפורה,,מרבי,01/10/1953,,227500,726500,,קישון,לא פעילה
8112,קישון - מאגר כפר ברוך,QISHON - KEFAR BARUCH RESERVOIR,,01/10/1953,468,219100,726850,,קישון,לא פעילה
8114,בענא - ע''י גבעת עוז,,אום ערקוף,01/10/1953,,218800,718800,,קישון,לא פעילה
8116,מדרך,,אבו ערקוב,01/10/1959,,215510,723030,,קישון,לא פעילה
8118,משמר - 9 במורד תעלה,MISHMAR,,01/10/1960,,215050,724700,,קישון,לא פעילה
8119,משמר - ע''י מגרש הספורט,MISHMAR,,01/10/1960,,213220,724130,,קישון,לא פעילה
8120,גחר - בתעלה 8 במורד נחלאות,GHAR,קאסב,01/10/1960,,214300,726500,,קישון,לא פעילה
8121,קישון - ע''י כפר ברוך,QISHON,,01/10/1951,,218240,727060,,קישון,לא פעילה
8122,גחר - ע''י המנהרה,GHAR,קאסב,01/10/1961,,211750,725380,,קישון,לא פעילה
8123,גחר - בכביש למגידו,GHAR,קאסב,01/10/1953,,212700,725900,,קישון,לא פעילה
8124,גחר - בתעלה 8 במעלה נחלאות,GHAR,קאסב,01/10/1960,,213100,726200,,קישון,לא פעילה
8125,נהלל - ע''י הסכר,NAHALAL,,01/10/1960,33,216350,731230,,קישון,לא פעילה
8126,נהלל - נהלל,NAHALAL,,01/10/1965,41,215200,730600,,קישון,לא פעילה
8127,השופט - ע''י ריחניה,HA'SHOFET NEAR REHANIYA,,01/10/1953,,209840,725400,,קישון,לא פעילה
8128,השופט - גבעת משעול,HA'SHOFET,,01/10/1961,,210940,726200,,קישון,לא פעילה
8129,השופט - ע''י הזורע,HA'SHOFET - NEAR HAZOREA,,01/10/1947,13,211040,727280,8130,קישון,לא פעילה
8130,השופט - הזורע,HA'SHOFET - HAZORE'A,פוריד,01/10/1965,12,210835,727041,,קישון,לא פעילה
8131,השופט - 6 במעלה תעלה,HA'SHOFET,,01/10/1960,,211600,728200,,קישון,לא פעילה
8132,השופט - 6 במורד תעלה,HA'SHOFET,,01/10/1952,,213300,729300,,קישון,לא פעילה
8136,בית לחם - בכביש לנצרת,BET LEHEM,,01/10/1954,,215580,734600,,קישון,לא פעילה
8138,בית לחם - בכביש לשדה יעקב,BET LEHEM,,01/10/1954,,213710,732220,,קישון,לא פעילה
8140,בית לחם,BET LEHEM,מוסררה,01/09/1957,22,213353,731675,,קישון,לא פעילה
8142,אלונים (2),ALONIM,,01/10/1960,,214100,734800,,קישון,לא פעילה
8145,קישון - ע''י קרית חרושת,QISHON - NEAR QIRYAT HAROSHET,,01/10/1944,685,209900,733750,8146,קישון,לא פעילה
8146,קישון - מחצבה,QISHON - THE QUARRY,ג'למה,01/10/1962,695,209412,736316,,קישון,פעילה
8150,יפתחאל - בית נטופה,YIFTACHEL - BET NETUFA,,01/10/1966,121,223200,741800,,קישון,לא פעילה
8152,יפתחאל - בגשר הכביש נצרת - שפ,YIFTACHEL - BRIDGE ON NAZERET-SHFAR',,01/10/1946,,222050,740600,,קישון,לא פעילה
8155,ציפורי - תל עליל,ZIPPORI - TEL ALIL,ואדי מאליק,01/10/1965,246,214805,741711,,קישון,פעילה
8156,ציפורי - ע''י רמת יוחנן,ZIPPORI RAMAT YOHANAN,"ועדי מליק ע""י שמיר",01/10/1943,220,212700,742600,8155,קישון,לא פעילה
8169,יפתחאל - ע''י במאגר בית נטופה,YIFTACHEL - NEAR BET NETUFA RESERVOI,,01/10/1952,122,223200,741900,,קישון,לא פעילה
8170,קישון - ע''י נשר,QISHON,,01/10/1932,,206350,741000,,קישון,לא פעילה
8175,נשר - ע''י תל חנן,NESHER,תל חנן,01/10/1958,,204900,741600,,קישון,לא פעילה
9130,ניקוז קרית אליעזר(תחנת פז),QIRYAT ELIEZER DRAINAGE,,01/10/1983,1,198105,748441,,,לא פעילה
10110,אורן - ע''י בריכת אגירה,,,01/10/1957,20,201460,735560,,אורן,לא פעילה
10114,"אורן -ע""י גשר",OREN,פלח,01/10/2011,25,198887,735596,,אורן,לא פעילה
10115,אורן - בגשר,,,01/10/1957,35,198850,735550,,אורן,לא פעילה
10117,בסתן,,,01/10/1957,14,198420,735320,,אורן,לא פעילה
11130,מעוות,,,01/10/1972,40,194650,730680,,מערות,לא פעילה
11150,מהרל,MAHARAL,,31/12/2014,30,196077,727736,,מערות,לא פעילה
12105,בודד - עליון,,,01/10/1958,,206650,725500,,דליה,לא פעילה
12106,בודד - תיכון,,,01/10/1958,,206470,725260,,דליה,לא פעילה
12108,בודד - תחתון,,,01/10/1958,,205870,724830,,דליה,לא פעילה
12110,דליה - 5,DALIYA - 5,,01/10/1959,,202970,721610,,דליה,לא פעילה
12111,דליה - 4,DALIYA - 4,,01/10/1960,15,202700,721820,,דליה,לא פעילה
12112,מנשה - 4 דליה,,,01/10/1959,,202850,722030,,דליה,לא פעילה
12113,תות - עליון,,אליקים,01/10/1960,11,201450,723060,,דליה,לא פעילה
12115,דליה - 3,DALIYA - 3,,01/10/1959,10,200840,721970,,דליה,לא פעילה
12116,תות - 2 דליה,,,01/10/1959,,200760,722070,,דליה,לא פעילה
12130,דליה - בת שלמה,DALIYYA - BAT SHELOMO,מילך,01/10/1955,42,199085,721864,,דליה,פעילה
12140,דליה- כביש ת''א-חיפה,DALIYYA - TEL AVIV-HAIFA ROAD,פורידיס,01/10/1949,69,195343,722089,,דליה,פעילה
13105,תנינים - עמיקם,TANNINIM - 'AMMIQAM,זרקה,01/10/1967,51,201152,717847,,תנינים,פעילה
13106,תנינים - 3,TANINIM - 3,,01/10/1959,,200900,717550,,תנינים,לא פעילה
13107,עדה - 3,AZA,,01/10/1959,,201140,714580,,תנינים,לא פעילה
13108,תנינים - במעלה אביאל,TANINIM,,01/10/1960,63,199680,716100,,תנינים,לא פעילה
13109,תנינים - 2,TANINIM - 2,,01/10/1959,,199500,716000,,תנינים,לא פעילה
13110,תנינים - אביאל,TANINIM - AVIEL,תמסחי,01/10/1955,65,198350,715340,,תנינים,לא פעילה
13111,ברקן - 5,BARQAN - 5,,01/10/1959,,203050,713000,,תנינים,לא פעילה
13112,ברקן - 4,BARQAN - 4,,01/10/1959,,201560,712650,,תנינים,לא פעילה
13113,תנינים - במעלה עין ספירה (2),TANINIM,,01/10/1949,,194320,715250,,תנינים,לא פעילה
13114,תנינים - במעלה עין ספירה,TANINIM,,01/10/1959,,194160,715400,,תנינים,לא פעילה
13116,תנינים - בגשר בנימינה - זכרון,TANINIM,,01/10/1949,,195140,715230,,תנינים,לא פעילה
13117,תנינים - עין שומי,TANINIM,,01/10/1949,,195940,715930,,תנינים,לא פעילה
13118,תנינים - כביש  ת''א-חיפה,TANINIM - TEL AVIV-HAIFA ROAD,,01/10/1943,94,193600,715830,,תנינים,לא פעילה
13120,תנינים - גשר העץ,TANNINIM - WOODEN BRIDGE,זרקה,01/10/1949,93,193420,717161,,תנינים,לא פעילה
13121,תנינים - גשר הצינור,TANNINIM - PIPELINE BRIDGE,זרקה,26/03/1992,93,193051,717460,,תנינים,פעילה
13122,תנינים - גשר רומי,TANINIM - ROMAN BRIDGE,זרקה,01/10/1953,99,192260,717260,13121,תנינים,לא פעילה
13125,עדה - גבעת עדה,ADA - GIV'AT ADA,זרגניה או זרנוגה,01/10/1944,18,200129,713995,,תנינים,פעילה
13126,עדה - בקרבת גבעת עדה,ADA - NEAR GIVAT ADA,,01/10/1944,19,198900,713720,13125,תנינים,לא פעילה
13130,"עדה-(במעלה)בכביש בינימינה פ""ח","ADA -(APSTREAM) BENYAMINA-P""HANNA RD.",,01/10/1949,22,196720,712800,13125,תנינים,לא פעילה
13134,ברקן - כפר גליקסון - במעלה,BARQAN - KEFAR GLICKSON UPSTREAM,,01/10/1998,29,200800,712150,,תנינים,לא פעילה
13135,ברקן - כפר גליקסון,BARQAN - KEFAR GLICKSON,,01/10/1966,29,200398,712018,,תנינים,פעילה
13136,ברקן - ע''י כפר גליקסון,BARQAN - NEAR KEFAR GLICKSON,,01/10/1944,25,200360,712020,,תנינים,לא פעילה
13140,משמרות,MISHMAROT,,01/10/1966,5,198980,711250,,תנינים,לא פעילה
13146,עדה - כביש בנימינה-פרדס חנה,ADA - BINYAMINA-PARDES HANNA RD.,אבו חמד,01/10/1955,62,196348,712545,,תנינים,לא פעילה
13148,עדה - 2 זרגניה,ADA,,01/10/1952,,193090,713570,,תנינים,לא פעילה
13149,עדה - 3 זרגניה,ADA,,01/10/1952,,192910,714620,,תנינים,לא פעילה
13150,עדה - גשר רומי,ADA - ROMAN BRIDGE,,01/10/1948,93,192270,717200,,תנינים,לא פעילה
13152,עדה - ע''י אור עקיבה,ADA - NEAR OR AQIVA,,01/10/1949,,193620,712120,,תנינים,לא פעילה
13155,תנינים - בגשר טורקי,ADA,זרקה,01/10/1955,196,191160,716100,,תנינים,לא פעילה
14105,חדרה - כביש טולכרם-ואדי ערה,HADERA - TULKAREM-WADY ARA ROAD,אל גרביה בכביש טולכרם-ואדי ערה,01/10/1943,189,204800,700900,,חדרה,לא פעילה
14107,חדרה,HADERA,,01/10/1962,159,208660,702100,,חדרה,לא פעילה
14109,"חדרה-ע""י כביש 6",HADERA-ROAD 6,,24/12/2015,201,202271,701772,,חדרה,לא פעילה
14111,חביבה - בגשר הכביש,HADERA,"מסין ע""י מגל",01/10/1962,113,206730,696570,,חדרה,לא פעילה
14113,חביבה - בגשר הכביש (2),HADERA,,01/10/1944,181,203800,698100,,חדרה,לא פעילה
14114, חביבה- עי כביש 6,HAVIVA-ROAD 6,,24/12/2015,184,202011,698774,,חדרה,לא פעילה
14115,עירון - שער מנשה,IRON - SHA'AR MENASHE,ערה עי כרכור,01/10/1943,59,201152,706741,,חדרה,לא פעילה
14116,נרבתה,NARBATA,,01/10/2013,62,203176,706280,,חדרה,לא פעילה
14120,חדרה - גן שמואל,HADERA - GAN SHEMU'EL,מיפג'יר,01/10/1960,579,196041,705155,,חדרה,פעילה
14122,חדרה - (עי כביש חדרה - מגידו,HADERA,,01/10/1949,536,194170,705490,14120,חדרה,לא פעילה
14125,חדרה - בכביש ת''א-חיפה,HADERA,,01/10/1944,544,191970,707550,,חדרה,לא פעילה
15105,אלכסנדר - טייבה,ALEXANDER - TAIYIBA,"הוואטוט ע""י טייבה",01/10/1959,20,199040,682720,,אלכסנדר,לא פעילה
15107,תאנים - בכביש,,,01/10/1962,119,203690,688900,,אלכסנדר,לא פעילה
15108,תאנים - ע''י אירטח,,,01/10/1943,125,201350,688900,,אלכסנדר,לא פעילה
15109,תאנים - ע''י קלנסווה,,,01/10/1955,130,198700,690640,,אלכסנדר,לא פעילה
15110,תאנים-ניצני עוז,TEE'NIM-NIZANEY OZ,טין,01/10/2013,126,199660,690090,,אלכסנדר,לא פעילה
15111,שכם - בגשר הכביש,SCHEM - ROAD BRIDGE,,01/10/1962,123,210800,690600,,אלכסנדר,לא פעילה
15112,שכם - ע''י נור שמש,SCHEM - NOR SHEMESH,,01/10/1945,140,205500,691800,,אלכסנדר,לא פעילה
15113,שכם - בכביש לטול-כרם,SHCHEM - TUL-QEREM RD.,,01/10/1944,146,202950,692250,,אלכסנדר,לא פעילה
15114,שכם- במורד מטש,SHCHEM - DOWN S.T,,03/12/2014,148,201547,692365,15115,אלכסנדר,לא פעילה
15115,שכם - יד חנה,SHCHEM - YAD HANNA,"זימר ע""י יד חנה",01/10/1955,148,200640,693100,,אלכסנדר,לא פעילה
15120,אלכסנדר - אלישיב,ALEXANDER - ELYASHIV,,01/10/1967,488,192054,697964,,אלכסנדר,פעילה
15122,אלכסנדר - ע''י מעברות,ALEXANDER - NEAR MA'ABAROT,,01/10/1938,518,191500,697040,15120,אלכסנדר,לא פעילה
16125,פולג - ע''י בני ציון,POLEG,חבל - ע''י בני ציון,01/10/1956,23,189180,680420,,פולג,לא פעילה
16140,פולג - הגשר הכביש נתניה,POLEG,פליק,01/10/1951,113,185140,685850,,פולג,לא פעילה
17103,רבה-ראש העין,RABA ROSH HA-EIN,,01/10/2018,78,195170,667286,,ירקון,לא פעילה
17104,"רבה - ע""י ראש העין",RABAH - NEAR RAS EL EIN,אבו רבה,01/10/1943,78,194250,668650,,ירקון,לא פעילה
17105,ירקון - אל מיר,YARQON - EL MIR,"ירקון ע""י גשר הרכבת",01/10/1940,,192410,668857,,ירקון,פעילה
17106,ירקון - כביש ת''א-חיפה,YARQON - TEL AVIV-HAIFA ROAD,,01/10/1951,107,191100,670200,,ירקון,לא פעילה
17110,קנה - ירחיב,QANA - YARHIV,,01/10/1960,239,196595,672698,,ירקון,פעילה
17112,"קנה - ע""י ג'לג'וליה",QANA - NEAR JALJULIA,אישכר בקרבת ג'לג'וליה,01/10/1943,244,195300,673100,17110,ירקון,לא פעילה
17113,עובידה - ע''י קלקליה,,טיר,01/10/1943,62,197450,678600,,כרמל צפון מערבי,לא פעילה
17116,שילה- מגדל אפק,,דיר אל סודן,01/10/1943,359,195200,664370,17123,ירקון,לא פעילה
17117,שילה - כביש לוד-ראש העין,SHILLO - LOD-ROSH HA'AYIN ROAD,דיר אל סודן,01/10/1996,4,195087,664308,,ירקון,פעילה
17118,שילה - ע''י כפר סירקין,SHILLO - NEAR KEFAR SIRKIN,דיר אל סודן,01/10/1953,370,193750,665100,,ירקון,לא פעילה
17123,שילה-תעלת ההטיה למחצבה,SHILLO-DIVERSION TO QUARRY,דיר אל סודן,05/02/2005,357,196440,664040,,ירקון,לא פעילה
17125,שילה - נחשונים,SHILLO - NAHSHONIM,דיר אל סודן,01/10/1960,357,196420,664020,,ירקון,לא פעילה
17126,שילה - במעלה ההטיה למחצבה,SHILLO-UP TO DIVERSION QUARRY,,01/10/2013,363,196610,664190,17123,ירקון,פעילה
17130,ירקון - כביש גהה,YARQON - GEHA ROAD,,01/10/1988,949,186300,668200,,ירקון,לא פעילה
17135,ירקון - כביש הרצליה,YARQON - HERZLIA ROAD,,01/10/1940,954,184168,668148,,ירקון,פעילה
17136,שילה - כביש ת''א-חיפה,SHILLO - TEL-AVIV-HAIFA ROAD,דיר אל סודן,01/10/1953,400,190820,668330,17123,ירקון,לא פעילה
17137,ירקון - בגשר חקל,YARQON - HAKAL BRIDGE,,01/10/1950,,185700,668230,,ירקון,לא פעילה
17140,נטוף - אתר ב' גשר הרכבת,NATUF - RAILWAY BRIDGE,ברר,01/10/1939,251,190950,654720,,ירקון,לא פעילה
17141,נטוף - אתר גשר הכביש,NATUF - NEAR ROAD BRIDGE,נטופ-גשר הכביש,01/10/1956,,,,17155,ירקון,
17142,איילון - מאגר משמר איילון,AYYALON - MISHMAR AYYALON RESERVOIR,כפר קובב,01/10/1955,160,196030,641677,,ירקון,לא פעילה
17143,ענבה,ANBA,,01/10/2013,20,194465,644949,,ירקון,לא פעילה
17144,איילון - לוד בסכר המדידה,AYYALON - LOD WEIR,,01/10/1987,138,191100,651750,,ירקון,פעילה
17145,איילון - לוד בכביש נתב''ג,AYYALON - LOD AIRPORT ROAD,בינדס,01/10/1956,136,190750,652850,17144,ירקון,לא פעילה
17146,איילון - לוד,AYALON-LOD,בינדס,01/10/1939,296,190750,652850,,ירקון,לא פעילה
17147,גזר,GEZER,,01/10/2014,37,189697,647364,,ירקון,פעילה
17155,נטוף - צומת אל-על,NATUF - EL-AL JUNCTION,נטוף-אתר ג',01/10/1974,245,191218,654594,,ירקון,פעילה
17156,נטוף - גשר הכביש,NATUF - NEAR ROAD BRIDGE,נטוף- אתר א' גשר הכביש,01/10/1939,251,191130,654620,17155,ירקון,לא פעילה
17157,נטוף - גשר רכבת,NATUF - RAILWAY BRIDGE,נטוף - אתר ב' גשר רכבת,01/10/1939,251,190950,654720,17155,ירקון,לא פעילה
17159,נבלט - ע''י נבלט,,שחין,01/10/1949,,195550,654650,,,לא פעילה
17160,בית עריף - כביש מגדל אפק-לוד,BET ARIF - MIGDAL AFEQ-LOD ROAD,נבלט,01/10/1957,46,195450,654900,,ירקון,לא פעילה
17161,שפירים מעלה,,,01/08/2015,28,188076,653459,,ירקון,לא פעילה
17162,בית עריף - כביש 46,BET ARIF - ROAD 46,מושטפידה,01/10/1997,91,192248,657316,,ירקון,פעילה
17164,איילון-נתב''ג,AYYALON-AIRPORT,,20/10/2000,401,187287,656511,,ירקון,פעילה
17165,איילון - כביש בית דגן-יהוד,AYYALON - BET DAGAN-YEHUD ROAD,,01/10/1962,526,186050,658190,,ירקון,לא פעילה
17166,שפירים-מסילת ברזל,SHAFIRIM,,01/10/2013,34,185184,657311,,ירקון,פעילה
17168,איילון - שכונת עזרא,AYYALON - SHEKHUNAT 'EZRA,כביר,01/10/1993,629,180667,660862,,ירקון,לא פעילה
17172,איילון - נחלת יצחק,AYYALON - NAHALAT YITSHAK,ועדי סלמה,01/10/1938,802,180720,664820,,ירקון,לא פעילה
17174,קנה - גשר הכביש לסניריה,QANA,,01/10/1962,188,203800,671700,,ירקון,לא פעילה
17175,"קנה -כביש ת""א-חיפה",QANA,קנה - גשר הכביש הישן,01/10/1949,342,190840,670870,,ירקון,לא פעילה
17176,שילה - בגשר הכביש,SHILLO,דיר אל סודן,01/10/1962,252,204500,661800,,ירקון,לא פעילה
17177,מודיעים,MODI'IM,,20/12/2014,1,216907,642359,,ירקון,לא פעילה
17178,דולב - בכביש,,,01/10/1964,111,204350,647650,,ירקון,לא פעילה
17190,ירקון - ע''י שבע תחנות,YARQON,,01/10/1958,,182050,667100,,ירקון,לא פעילה
17195,ירקון - בשפך לים,YARQON,,01/10/1950,1740,179120,667740,,ירקון,לא פעילה
17268,אזור - תעלה,AZUR,,01/10/2010,15,182173,658909,,ירקון,פעילה
17368,כופר -  דרום רמת גן,KOFER,,01/10/2010,7,183946,662452,,ירקון,פעילה
18103,שורק-במעלה גשר מוצא,SOREQ-UPSTREAM FROM MOZA BRIDGE,,01/10/2012,70,216302,634260,,שורק,פעילה
18105,שורק - מוצא,SOREQ - MOZA,,01/10/1935,,215750,633500,,שורק,לא פעילה
18107,שורק - מאגר בית-זית,SOREQ - BET ZAYIT RESERVOIR,,01/10/1955,78,214856,631951,,שורק,לא פעילה
18108,שורק - ע''י סטף,,,01/10/1952,,214380,631280,,שורק,לא פעילה
18109,רפאים,RAFAIM,,01/10/2011,21,217377,628294,,שורק,פעילה
18111,אבו גוש,,,01/10/1958,,209060,633850,,שורק,לא פעילה
18112,כסלון,KISALON,אישווה,01/10/1953,,201180,631620,,שורק,לא פעילה
18114,שורק - מעלה הר-טוב,SOREQ - HAR TUV UPPER,,01/10/1937,202,201480,629960,,שורק,לא פעילה
18115,שורק - הר טוב,SOREQ - HARTUV,,01/10/1950,240,199595,629410,,שורק,פעילה
18125,הראל - כפר אוריה,HAR'EL - KEFAR URIYYA,כפר אוריה,01/10/1953,13,195516,634284,,שורק,פעילה
18130,שורק - גשר הרכבת,SOREQ - RAILWAY BRIDGE,,01/10/1937,401,187940,635240,18131,שורק,לא פעילה
18131,שורק - יסודות,SOREQ - YESODOT,,01/10/1967,407,185709,635112,,שורק,פעילה
18133,חולדה - 4 בגשר רכבת,HULDA - 4 AT RAILWAY BRIDGE,,01/10/1958,,187850,638350,,שורק,לא פעילה
18134,חולדה - 5,HULDA - 7,,01/10/1956,,186200,638150,,שורק,לא פעילה
18135,חולדה - 7,HULDA - 6,,01/10/1956,,186100,637850,,שורק,לא פעילה
18136,חולדה - 1,HULDA - 1,,01/10/1958,4,185550,638750,,שורק,לא פעילה
18140,שורק-קדרון,SOREQ-QIDRON,,01/10/2006,489,180447,637114,,שורק,פעילה
18145,"שורק - כביש גדרה בילו 21.7 ק""מ",SOREQ - GEDERA BILU ROAD 21.7 km,,01/10/1937,492,179150,637300,18146,שורק,לא פעילה
18146,"שורק - כביש גדרה בילו 21.0 ק""מ",SOREQ - GEDERA BILU ROAD 21.0 km,,01/10/1937,492,179562,637845,,שורק,פעילה
18149,שורק - יבנה גשר רכבת,SOREQ - YAVNE RAILWAY BRIDGE,,01/10/1950,515,176680,641700,18150,שורק,לא פעילה
18150,שורק - יבנה,SOREQ - YAVNE,ג'יסר,01/10/1952,615,176678,641983,,שורק,פעילה
18151,שורק - כביש ראשל''צ - יבנה,SOREQ - YAVNE ROAD,רובין,01/10/1960,516,176540,643100,18150,שורק,לא פעילה
18152,יבנה - ע''י יבנה,YAVNE,,01/10/1959,30,175970,643000,,שורק,לא פעילה
18159,גמליאל - כביש רחובות - יבנה,GAMLIEL - REHOVOT-YAVNE ROAD,,01/10/1952,73,177450,642500,,שורק,לא פעילה
18177,עקרון - בית אלעזרי,EQRON - BET ELAZARI,מרר,01/10/1951,62,179730,638400,18178,שורק,לא פעילה
18178,עקרון - בית אלעזרי בסכרי המדי,EQRON - BET EL'AZARI WEIR,מרר,01/10/1987,64,179455,638343,,שורק,פעילה
18179,גמליאל - כביש רחובות יבנה,GAMLIEL - REHOVOT-YAVNE ROAD,,01/10/1951,73,177450,642500,,שורק,לא פעילה
18180,גמליאל - כביש  42,GAMLI'EL -  HIGHWAY 42,קורמה,01/10/1959,615,177794,645312,,שורק,פעילה
18193,נס ציונה,NES ZIONA,,19/01/2017,35,179873,647932,,שורק,פעילה
19101,לכיש - ע''י לכיש,LAKHISH - NEAR LAKHISH,סוכריר,01/10/1942,,180000,613480,,לכיש,לא פעילה
19102,לכיש - במאגר פלוגות,LAKHISH - PLUGOT RESERVOIR,,01/10/1955,,174900,614900,,לכיש,לא פעילה
19103,גוברין - ע''י גת,GUVRIN - NEAR GAT,קיביבה  ע''י גת,01/10/1943,160,179800,616900,,לכיש,לא פעילה
19105,לכיש - עין צורים (2),LAKHISH - EIN TSURIM,קוריקי,01/10/1949,281,172540,623300,,לכיש,לא פעילה
19110,לכיש - עין צורים,LAKHISH - EIN TSURIM,קוריקי,01/10/1949,281,172540,623300,,לכיש,לא פעילה
19125,האלה - כפר אחים (2),HAELA - KEFAR AHIM,,01/10/1950,328,177030,626730,,לכיש,לא פעילה
19130,גוברין - שפיר,GUVRIN - SHAFIR,גלדיה,01/10/1959,200,173978,623780,,לכיש,פעילה
19131,גוברין - גשר הכביש,GUVRIN - ROAD BRIDGE,גלדיה,01/10/1949,204,173860,623800,19130,לכיש,לא פעילה
19155,האלה - כפר זכריה,HAELA - KEFAR ZAHARIYA,,01/10/1944,175,194750,622100,,לכיש,לא פעילה
19160,האלה - תל צפית,HAELA - TEL ZAFIT,"עג'ור ע""י תל ספי",01/10/1960,296,185210,623649,,לכיש,פעילה
19165,האלה - כפר אחים,HAELA - KEFAR ACHIM,"קוסיב ע""י קסטינה",01/10/1950,328,177030,626730,,לכיש,לא פעילה
19178,האלה - גן יבנה,HAELA - GAN YAVNE,,01/10/1974,432,170102,632230,,לכיש,פעילה
19180,לכיש - כביש יבנה אשקלון,LAKHISH - YAVNE-ASHQELON ROAD,,01/10/1943,992,168800,632250,,לכיש,לא פעילה
19185,לכיש-פארק עד הלום,LAKHISH-AD HALOM PARK,,30/09/2007,996,168913,632746,19180,לכיש,פעילה
21105,שקמה - תל מילחה,SHIQMA - TEL MILHA,מוליחה,01/10/1962,43,178814,597518,,שקמה,פעילה
21110,אדוריים - עליון,ADORAYIM - UPPER,,01/10/1960,65,193450,599670,,שקמה,לא פעילה
21112,אדוריים - במאגר,ADORAYIM - RESERVOIR,,01/10/1965,85,189200,601000,,שקמה,לא פעילה
21115,אדוריים - תחתון,ADORAYIM - NEAR TEL-QESHET,,01/10/1960,118,181940,603070,,שקמה,לא פעילה
21117,אדורים - ע''י תל-קשת,ADORAYIM - LOWER,קוניטרה,01/10/1954,211,177940,605220,,שקמה,לא פעילה
21120,אדוריים - גשר רכבת,ADORAYIM - RAILWAY BRIDGE,"חסי ע""י קוניטרה",01/10/1954,208,179254,604083,,שקמה,פעילה
21122,אדוריים - ע''י תל-קשת,ADORAIYM - NEAR TEL-QESHET,,01/10/1954,211,177840,605220,21120,שקמה,לא פעילה
21125,שקמה - תל-חסי,SHIQMA,,01/10/1962,62,173700,606700,,שקמה,לא פעילה
21130,שקמה - ברור חייל,SHIQMA - BEROR HAYIL,יושיביה,01/10/1951,376,164698,606511,,שקמה,פעילה
21135,דורות,DOROT,,01/10/1960,18,166740,602220,,שקמה,לא פעילה
21137,שקמה -ארז,SHIQMA-EREZ,,01/10/2017,511,160007,607989,,שקמה,פעילה
21138,שקמה - ע''י ארז,SHIQMA,,01/10/1960,133,156900,608200,,שקמה,לא פעילה
21140,שקמה - ע''י ארז (2),SHIQMA,,01/10/1950,534,158000,608300,,שקמה,לא פעילה
21142,שקמה - דיר סוניד,SHIQMA - DEIR SUNEID,,01/10/1937,537,157650,608700,,שקמה,לא פעילה
21145,עובד- יד מרדכי,OVED - YAD MORDECHAY,,15/01/2017,61,158191,609538,,שקמה,פעילה
21146,עובד - ע''י יד מרדכי,OVED,,01/10/1943,46,157800,609800,,שקמה,לא פעילה
21155,שקמה - מאגר זיקים,SHIQMA - ZIQIM RESERVOIR,,01/10/1976,750,153620,612180,,שקמה,לא פעילה
23101,הרועה - במאגר,,,01/10/1956,50,182800,533300,,בשור,לא פעילה
23103,הרועה - הר הנגב 6,HARO'A - HAR HANEGEV 6,,01/10/1955,0,185700,535300,,בשור,פעילה
23104,הרועה 4,,,01/10/1955,,185700,535600,,בשור,לא פעילה
23105,בשור-כביש נצנה החדש,BESOR - NEW NIZZANA ROAD,דייקה אל עמרין,27/08/2008,185,170794,540542,23106,בשור,פעילה
23106,בשור - כביש נצנה,BESOR - NIZANA ROAD,דייקה אל עמרין,01/10/1950,185,170700,540800,,בשור,לא פעילה
23108,הרועה 3,,,01/10/1955,,186300,537500,,בשור,לא פעילה
23110,רביבים,REVIVIM,רחמה,01/10/1950,217,178000,547000,,בשור,לא פעילה
23112,רביבים - ע''י תל צופים (בסכר),REVIVIM,רביבים -  ואדי עסלוג',01/10/1943,246,172300,549500,,בשור,לא פעילה
23113,שועלים,,,01/10/1953,121,179500,544350,,בשור,לא פעילה
23115,באר שבע - זרנוק,BE'ER SHEVA - ZARNUQ,"שבע ע""י משש",01/10/1963,405,192500,569000,,בשור,לא פעילה
23117,רביבים - באגר ע''י ירוחם,REVIVIM,,01/10/1955,121,189500,544350,,בשור,לא פעילה
23118,רביבים - שועלים,REVIVIM,,01/10/1953,121,192200,543900,,בשור,לא פעילה
23119,הר הנגב - אבנון 1,HAR HANEGEV - AVNON 1,,01/10/1955,,192800,545100,,בשור,לא פעילה
23120,מאגר סנסנה,SANSANNA RESERVOIR,עומר,01/10/1961,40,189750,579000,,,לא פעילה
23121,עומר - מאגר סנסנה,'OMER - SANSANA RESERVOIR,עומר,01/10/1961,40,189750,579000,,,לא פעילה
23122,חברון - גשר הכביש,HEVRON,ומט-נאר בגשר,01/10/1943,179,194400,585300,,בשור,לא פעילה
23123,נבטים,,,01/10/1959,,191300,568200,,בשור,לא פעילה
23124,"חברון - ע""י מיתר",HEVRON-NEAR MEITAR,חללל,16/12/2014,185,193461,583302,,בשור,פעילה
23125,באר שבע - ע''י הגשר התורכי,BE'ER-SHEVA,,01/10/1943,1090,181250,571600,23127,בשור,לא פעילה
23127,באר שבע - ע''י באר שבע (2),BE'ER-SHEVA - BE'ER-SHEVA,,01/10/1957,1090,181000,571350,,בשור,לא פעילה
23130,באר שבע - ע''י באר שבע,BE'ER-SHEVA,,01/10/1951,1090,180600,571500,23137,בשור,לא פעילה
23134,בקע - באר שבע (נרפיק),BEQA' - BE'ER-SHEVA,שועיב,01/10/1982,95,180810,570702,,בשור,פעילה
23135,בקע - באר שבע (מכשיר סרטי),BEQA - BE'ER SHEVA,,01/10/1950,96,180700,570700,23134,בשור,לא פעילה
23136,רוחמה - במאגר,,,01/10/1970,4,170600,601200,,שקמה,לא פעילה
23137,באר שבע - חצרים,BE'ER-SHEVA - HAZERIM,,01/10/1972,1233,176178,570735,,בשור,לא פעילה זמנית
23140,סכר,SECHER,מישש,01/10/1950,91,183600,555700,,בשור,לא פעילה
23142,שובל - במאגר,,הוזאאל,01/10/1951,,176500,590900,,בשור,לא פעילה
23143,פחר - במאגר,,,01/10/1953,54,175000,586000,,בשור,לא פעילה
23144,פטיש - במאגר,,אבו סמרה,01/10/1934,18,167720,583710,,בשור,לא פעילה
23145,בשור - צאלים,BESOR - TSE'ELIM,"שבע ע""י סכר מס' 4",01/10/1955,2378,156450,568850,,בשור,לא פעילה
23150,בשור - רעים,BESOR - REIM,,01/10/1964,2586,147708,588428,,בשור,פעילה
23151,בשור-רעים-גשר,BESOR-RE'IM BRIDGE,,01/10/1999,2630,147700,588600,,בשור,לא פעילה
23155,גרר - כביש עזה,GERAR - AZA ROAD,שריעה,01/10/1944,233,163470,587700,,בשור,לא פעילה
23158,גרר - בקרבת רעים,GERAR - NEAR RE'IM,שריעה,01/10/1960,660,149100,590000,,בשור,לא פעילה
23160,גרר - רעים,GERAR - RE'IM,שריעה,01/10/1963,699,147291,590045,23158,בשור,פעילה
23165,בשור - ע''י הגבול,BESOR - NEAR THE BORDER,עזה,01/10/1961,3369,146200,591900,,בשור,לא פעילה
23174,כיסופים,,,01/10/1961,,143000,587000,,בשור,לא פעילה
25110,חנון - ע''י יושיביה,,,01/10/1961,,161000,500970,,שקמה,לא פעילה
25190,לבן - כביש נצנה הישן,LAVAN - NITSANA ROAD,,01/10/1950,192,156100,534100,25191,לבן,לא פעילה
25191,לבן - כביש נצנה החדש,LAVAN - NIZANA ROAD,אביאד,01/10/1984,207,154550,536100,,לבן,פעילה
30110,בניאס-שמורת הטבע,BANYAS-THE NATURE RESERVE,,01/05/2014,99999,265000,794900,,חרמון,לא פעילה
30118,שיאון,SHION,עסאל,01/10/1997,44,263133,795136,,חרמון,לא פעילה
30120,שניר - מעיין ברוך,SENIR - MA'YAN BARUKH,חצבני,01/10/1962,608,258595,793752,,ירדן עליון,פעילה
30121,ניקוז עמק נוחילה,EMEQ NUHILA DRAINAGE,,01/10/1971,8,259098,793472,,ירדן עליון,פעילה
30122,שניר - גשר הכביש לדן,SENIR - DAN ROAD BRIDGE,חצבני,01/10/1939,613,257723,792181,,ירדן עליון,פעילה
30123,ליש,LAISH RIVER,,01/04/2014,,260290,793210,,דן,לא פעילה
30124,סער - מסעדה,SA'AR - MASAADA,,01/10/1971,24,271431,794014,,חרמון,פעילה
30125,חרמון - שאר ישוב,HERMON - SHA'AR YASHUV,בניאס במורד ו. עסאל,01/10/1939,131,261728,792678,,חרמון,פעילה
30128,חרמון - כביש לכפר סאלד,HERMON - KEFAR SZOLD ROAD,"חרמון (פניאס)-ע""י מנסורה",01/10/1946,153,260231,791282,30125,חרמון,פעילה
30129,דן-במעלה קיבוץ דפנה(מחושב),DAN-UPSTREAM FROM KIBBUZ DAFNA,,01/09/2002,,260450,794100,,דן,פעילה
30131,דן - שמורת הטבע,DAN - THE NATURE RESERVE,לידני,01/10/1939,99999,260750,794500,,דן,פעילה
30135,ירדן - ע''י שדה נחמיה,JORDAN,גשר יוסף,01/10/1942,841,258020,787640,30136,ירדן עליון,לא פעילה
30136,ירדן - שדה נחמיה,JORDAN - SEDE NEHEMYA, ירדן-גשר  יוסף,01/10/1942,860,257815,787461,,ירדן עליון,לא פעילה זמנית
30145,עיון - מטולה,IYON - METULLA,,01/10/1952,31,254687,798682,,ירדן עליון,פעילה
30146,עיון -ליעד מטולה  גשר העץ,IYON - NEAR METULLA,,01/10/1949,32,254870,798250,30145,ירדן עליון,לא פעילה
30147,עיון - ע''י צוק תחתון,IYON,בוריעית,01/10/1944,51,256000,791800,,ירדן עליון,לא פעילה
30148,עזריאל - ע''י חולה,,,01/10/1943,34,254420,789300,,ירדן עליון,לא פעילה
30149,ירדן - ע''י נאות מרדכי,,,01/10/1948,,256260,785540,,ירדן עליון,לא פעילה
30150,ירדנון - ירדנון,YARDINON,,01/10/1966,10,260430,784390,,ירדן עליון,לא פעילה
30151,ירדן-נאות מרדכי,JARDEN-NEOT MORDECHAI,,01/10/2009,,256175,785350,,ירדן עליון,לא פעילה
30152,קליל,KALIL,,01/10/1943,104,259600,785050,,ירדן עליון,לא פעילה
30153,קליל-חדשה,KALIL-NEW STATION,חלג',01/10/2006,8,258944,784075,,ירדן עליון,פעילה
30154,עורבים עליון,ORVIM UPPER,גרבה או גריבה,01/10/2012,12,269343,783260,,ירדן עליון,לא פעילה
30155,עורבים - להבות הבשן,OREVIM - LAHAVOT HABASHAN,גרבה או גריבה,01/10/1961,44,260095,783760,,ירדן עליון,פעילה
30156,ירדינון,,דוסילה,01/10/1966,10,264545,784270,,ירדן עליון,לא פעילה
30157,שוח,,פג'ר,01/10/1944,26,260900,774900,,ירדן עליון,לא פעילה
30160,דישון ע''י דישון,DISHON - DISHON,,01/10/1949,66,247060,775280,,ירדן עליון,לא פעילה
30161,ירדן-הטייה לתעלה מערבית,JORDAN - DIVERSION TO THE WESTERN CANAL,,01/10/2006,,255075,779550,,ירדן עליון,לא פעילה
30165,דישון - כביש מטולה ראש פינה,DISHON - ROSH PINNA-METULLA ROAD,הינדג',01/10/1949,90,253700,771920,,ירדן עליון,פעילה
30166,ירדן - ע''י יסוד המעלה,,,01/10/1939,,257760,773860,,ירדן עליון,לא פעילה
30167,דישון - חולתה,DISHON - HULATA,,01/10/1943,136,257530,772700,,ירדן עליון,לא פעילה
30168,דישון - ע''י חולתה,DISHON - NEAR HULATA,,01/10/1943,94,257900,773000,,ירדן עליון,לא פעילה
30169,חצור - (עי אילת השחר (עי הגשר,HATSOR - NEAR AYELET HASHAHAR,,01/10/1940,33,254800,769750,,ירדן עליון,לא פעילה
30170,חצור - איילת השחר,HAZOR - AYYELET HASHAHAR,ווקם או ווקז,01/10/1940,34,254830,769750,,ירדן עליון,פעילה
30171,חצור - (עי אילת השחר (200 מ',HATSOR - NEAR AYELET HASHAHAR,,01/10/1945,33,254880,769950,,ירדן עליון,לא פעילה
30173,ירדן-תעלת ביטחון,JORDEN-SECURITY CANAL,,01/10/2006,,259150,771125,,ירדן עליון,לא פעילה
30175,ירדן - גשר הפקק,JORDAN - OBSTACLE BRIDGE,ירדן-גשר חורי,01/10/1959,1404,259131,771792,,ירדן עליון,פעילה
30180,ירדן - גשר בנות יעקב,JORDAN - BENOT YAAQOV BRIDGE,,01/10/1935,1530,259060,768580,,ירדן עליון,לא פעילה
30182,ירדן - הידרואלקטרית,JORDAN - HYDROELECTRIC STATION,,01/10/1994,1448,258860,766040,,ירדן עליון,לא פעילה
30185,ירדן-במעלה גשר אריק,JORDAN-UPSTREAM FROM ARIK BRIDGE,,10/08/2016,1570,257832,756480,,ירדן עליון,לא פעילה
31000,ים כנרת - גלי כנרת,LAKE KINNERET,,01/10/1925,1671,251300,743218,31100,,פעילה
31110,עמוד - כביש טבריה-ראש פינה,AMMUD - TIBERIAS-ROSH PINNA ROAD,חרר,01/10/1944,126,249426,751406,,כנרת - מערב,פעילה
31115,צלמון - כביש טבריה-ראש פינה,ZALMON - TIBERIAS-ROSH PINNA ROAD,סלמה,01/10/1961,100,248471,750154,,כנרת - מערב,פעילה
31130,אור,OR,,15/11/2012,6,256288,755504,,כנרת - מערב,לא פעילה
31140,משושים - ע''י סנדיאנה,MESHUSHIM,סינדיאנה,01/10/1969,,271200,773000,,כנרת - מזרח,לא פעילה
31145,משושים - ע''י פחורה,MESHUSHIM,פחירה,01/10/1968,,266600,769200,,כנרת - מזרח,לא פעילה
31155,משושים - דרדרה,MESHUSHIM - DARDARA,רוחוה,01/10/1969,160,260756,757092,,כנרת - מזרח,פעילה
31160,יהודיה - בכביש בית צידה,YEHUDIYA - BET ZAYDA ROAD,,01/10/1985,81,261190,756166,,כנרת - מזרח,פעילה
31163,דליות - בכביש בית צידה,DALIYOT - BET ZAYDA ROAD,,01/10/1985,109,262032,755059,,כנרת - מזרח,פעילה
31164,שפמנון,SHFAMNUN,,15/11/2012,11,262041,754205,,כנרת - מזרח,לא פעילה
31165,סמך (דגה) - קו רום 200- מ',SAMAK - -200 M ELEVATION,,07/09/1978,101,261426,748345,,כנרת - מזרח,פעילה
31166,כנף,KANAF,,15/11/2012,25,261043,751982,,כנרת - מזרח,לא פעילה
31170,עין גב,EIN GAV,,01/10/2012,21,206459,743528,,כנרת - מזרח,לא פעילה
31194,ירדן- מעגן סירות,JORDAN-QUAYSIDE,,01/02/1952,,254450,736870,,ירדן תחתון,לא פעילה
31195,ירדן-במורד גשר בית זרע,JORDAN-DOWN STREAM BET ZERA BRIDGE,,08/02/2017,,253578,732964,,ירדן תחתון,פעילה
31198,ירדן - דגניה,JORDAN - DEGANYA,,01/10/1921,2610,253930,735250,,ירדן תחתון,פעילה
31199,ירדן דגניה - סכר אלומות,SEHER ALUMOT(DGANIA),,01/10/1989,,253082,734251,,ירדן תחתון,פעילה
31200,מוצא המ.מ.מ.,,,01/03/2017,,253010,734142,,ירדן תחתון,פעילה
32180,יבנאל,YAVNEAL,פג'ס,01/10/1945,107,252660,733700,,יבנאל,פעילה
33130,ירדן - ע''י ביתניה,JORDAN,,01/10/1949,2700,253500,734480,,ירדן תחתון,לא פעילה
34105,מאגר בנטל,BENTEL RESERVOIR,,01/10/2012,5,274178,783761,,ירמוך,לא פעילה
34120,ירמוך - במורד חליד ורוקד,YARMUQ,,01/10/1930,,269900,737600,,ירמוך,לא פעילה
34130,ירמוך - ע''י מוקיבה,YARMUQ,,01/10/1950,,265200,735000,,ירמוך,לא פעילה
34140,ירמוך - בגשר בוטמה,YARMUQ,,01/10/1950,,263300,733060,,ירמוך,לא פעילה
34158,ירמוך - שער 121 במעלה,YARMUQ - GATE 121 UPSTREAM,,01/10/1979,6750,260500,732000,34159,ירמוך,לא פעילה
34159,ירמוך - שער 121,YARMOUK - GATE 121,,01/10/1979,6750,260200,732200,,ירמוך,לא פעילה
34160,ירמוך - שער 121 במורד כבלים,YARMOUK - BELOW GATE 121,,01/10/1989,6750,259987,732412,,ירמוך,לא פעילה זמנית
34185,ירדן - נהריים,YARMUQ - NAHARAYIM,,01/10/1977,9350,253250,726850,,ירדן עליון,לא פעילה
34190,ירדן - עי גשר הישנה,JORDAN-NEAR OLD BRIDGE,,05/02/2013,9400,253099,725628,,ירדן תחתון,פעילה
34195,ירדן-נווה אור,JORDAN-NEWE UR,,08/02/2017,,253575,722484,,ירדן תחתון,פעילה
35150,תבור - כביש בית שאן צמח,TAVOR - BETSHEAN TSEMAH ROAD,בירה,01/10/1949,205,251400,723680,,תבור,לא פעילה
35160,ירמוך - ע''י תחנת כח,YARMUQ  RIVER AT HYDRO ELECTRIC POWER ST,,01/10/1926,6500,254040,717740,,ירמוך,לא פעילה
36110,יששכר - במאגר מולדת,,,01/10/1952,,244400,720500,,יששכר,לא פעילה
36130,יששכר (2),ISSAKHAR,,01/10/1994,60,250900,717400,,יששכר,לא פעילה
36150,יששכר בסכר,YISSAKHAR -AT WEIR,,01/10/2012,67,253358,717536,,יששכר,לא פעילה
38160,ירדן - בשייך חוסיין,JORDAN,,01/10/1932,10340,254320,711470,,ירדן תחתון,לא פעילה
38165,ירדן-שיפעה 1,JORDAN -SHIF'A 1,,08/02/2017,,253490,706428,,ירדן תחתון,פעילה
38170,חרוד - בית שאן (2),HAROD - BET SHEAN,דאווה( ג'לוד),01/10/1944,163,246820,712600,,חרוד,לא פעילה
38175,חרוד - בית שאן ליד כביש 90,HAROD - BET SHE'AN NEAR 90 ROUD,ג'לוד,03/09/1995,181,248966,712519,,חרוד,פעילה
41105,מלחה,MILHA,,01/10/1970,58,244950,692600,,מלחה,לא פעילה
41120,ירדן - ע''י והזנה,,,01/10/1953,12000,252500,694000,,ירדן תחתון,לא פעילה
41130,מליח,MALIH,,01/10/1962,92,248200,692800,,לכיש,לא פעילה
41150,אבו סידרה,,,01/10/1962,64,251530,678020,,אבו סידרה,לא פעילה
42150,ירדן - בגשר אדם,,,01/10/1968,,250700,667740,,ירדן תחתון,לא פעילה
43130,תרצה,,,01/10/1952,242,242600,678600,,תרצה,לא פעילה
43140,תרצה (2),,,01/10/1944,205,240100,681700,,תרצה,לא פעילה
43180,תרצה - ע''י ג'יפטליק,,פריעה,01/10/1944,317,246200,672070,,תרצה,לא פעילה
45120,אחמר,,,01/10/1962,94,244000,661850,,אלאחמר,לא פעילה
45130,עוגה - מערבי,,,01/10/1944,,237300,651200,,ייטב,לא פעילה
45150,עוגה - מזרחי,,,01/10/1964,123,244540,649630,,ייטב,לא פעילה
45160,ירדן - בגשר אלנבי,,,01/10/1932,16335,251350,642450,,ירדן תחתון,לא פעילה
46105,ירדן-אתר הטבילה,JORDAN-BAPTISM SITE,קסר אל יהוד,25/07/2012,16500,251842,638315,,ירדן תחתון,פעילה
46110,פרעה,,,01/10/1962,24,229400,637700,,חרמון,לא פעילה
46150,קילט (פרת) - יריחו,QILT - JERICHO,,01/10/1967,133,241400,639850,,פרת,לא פעילה
46160,קילט (פרת) - בגשר,,,01/10/1943,133,243100,640100,,פרת,לא פעילה
46170,ירדן - ע''י מקור המים,,,01/10/1936,17150,252000,633900,,ירדן תחתון,לא פעילה
48000,ים המלח P-8,DEAD SEA - P-8,,01/10/1978,637,238400,581900,,,פעילה
48107,קדרון,QEDRON,,15/02/2016,52,233736,622461,,עיינות קנה וסמר,לא פעילה
48113,תמרים,TMARIM,,01/12/2012,16,239757,616070,,עיינות קנה וסמר,לא פעילה
48123,דרגה - עליון,DARGA UPPER,משש,01/10/1974,,224150,621650,,דרגה,לא פעילה
48124,דרגה - תחתון,DARGA LOWER,משש,01/10/1964,81,234800,611900,,דרגה,לא פעילה
48125,דרגה,DARGA,,01/10/1990,75,234744,611993,,דרגה,פעילה
48130,תקוע,TEQOA,,01/10/1990,139,233493,610507,,דרגה,פעילה
48133,סלוודורה,SALVADORA,,01/12/2012,3,237364,602889,,,לא פעילה
48135,דוד,,סודיר,01/10/1956,,236200,597800,,קדם-דוד,לא פעילה
48140,תרצה-ליד צומת מכורה,TIRTSA,,01/08/2016,246,243013,676427,,תרצה,לא פעילה
48141,צאלים,,,01/10/2016,246,233348,584487,,צאלים,פעילה
48142,חבר,,,01/10/1976,,222500,593500,,חבר,לא פעילה
48146,הרדוף - פריג'אט,,,01/10/1976,,219660,589800,,צאלים,לא פעילה
48148,אשלים,ASHALIM,,01/10/1942,75,234900,549500,,אשלים,לא פעילה
48152,ערוגות (2),ARUGOT,שעיר,01/10/1956,230,235400,595900,,ערוגות,לא פעילה
48155,ערוגות,ARUGOT,שעיר,01/10/1979,235,237500,595800,,ערוגות,לא פעילה
48156,ערוגות במעלה כביש90,ARUGOT - UP HIGHWAY 90,ARUGOT Upstream Road90,01/10/2010,235,237088,596258,48155,ערוגות,פעילה
48185,רחף,RAHAF,,01/10/1990,75,235683,578244,,רחף,פעילה
48188,בוקק,BOQEQ,,01/10/2008,21,234680,567909,,אזור בוקק,לא פעילה
48190,חימר - במעלה המצוק,HEMAR - CLIFF,חימר במורד הגמלים,01/10/1966,331,224500,561300,,חמר,לא פעילה
48192,חימר - במורד המצוק,HEMAR - DOWNSTREAM THE CLIFF,מוהוואט,01/10/1990,359,233272,560366,,חמר,פעילה
48194,עמיעז,AMMI'AZ,,01/10/1990,34,233350,552850,,אשלים,לא פעילה
48195,אשלים - במעלה המאגר,ASHALIM - UPSTREAM FROM RESERVOIR,,01/10/1990,66,234060,551100,,אשלים,לא פעילה
48196,אשלים - בסכר,ASHALIM - AT WEIR,,01/10/1990,67,234460,550600,,אשלים,לא פעילה
48197,אשלים במעלה,ASHALIM UPSTREAM,,01/10/2017,,231574,552784,,אשלים,פעילה
48198,אדמון,ADMON,,01/10/1990,12,232300,548000,,אדמון,לא פעילה
48199,תעלת אשלים,ASHALIM CANAL,,01/10/1995,92,233835,547493,48197,אשלים,פעילה
55105,צין - עבדת,TSIN - AVDAT,,01/10/1956,125,178400,521000,55106,צין,לא פעילה
55106,צין  עליון - עבדת,ZIN UPPER - 'AVEDAT,נפח,01/10/1984,125,178500,521000,,צין,פעילה
55109,צין-במעלה מפל,ZIN-UPSTREAM FROM WATERFALL,,01/10/2007,,177466,525546,55110,צין,פעילה
55110,צין - מפל,ZIN - WATERFALL,,01/10/1954,234,177350,525800,,צין,לא פעילה
55140,צין - משוש,ZIN - MASOS,פוקרה,01/10/1955,674,198039,523638,,צין,פעילה
55160,חתירה,HATIRA,,01/10/1954,66,203800,539600,,צין,לא פעילה
55165,ממשית,MAMSHIT,כורנוב,01/10/1955,61,204250,540950,,צין,פעילה
55170,ימין,YAMIN,,01/08/2012,39,207690,540136,,צין,פעילה
55180,צין - עקרבים,TSIN - AQRABBIM,,01/10/1951,1130,218820,534950,,צין,לא פעילה
55190,צין - מערבית לכביש הערבה,ZIN - WEST OF THE ARAVA ROAD,,01/10/1989,1200,225750,537600,,צין,לא פעילה
55193,צין- כביש הערבה,TZIN - ARAVA ROAD,תחנה חדשה,15/07/2001,1276,228445,539520,55190,צין,פעילה
55197,צין - בשפך לים,TSIN - MOUTH,,01/10/1935,1330,235300,547500,,צין,לא פעילה
56140,רמון,RAMON,,01/10/1981,111,186314,502663,,נקרות,פעילה
56150,נקרות - עליון,NEQAROT - UPPER,גריר,01/10/1958,710,204450,498450,,נקרות,פעילה
56164,נקרות - כביש הערבה,NEQAROT - ARAVA ROAD,גריר,01/09/2002,955,220212,506986,,נקרות,פעילה
56165,נקרות - מאגר עין יהב,NEQAROT - EN YAHAV RESERVOIR,גריר,01/10/1976,976,221600,508500,,נקרות,לא פעילה
56170,עשוש - צוקים,ASHOSH-ZUQIM,,,128,213958,490710,,עשוש,פעילה
57125,פחמי,PEHAMI,,01/10/1991,51,173450,445250,,פארן,פעילה
57130,פארן - גבול מערבי,PARAN - WESTERN BORDER,ג'ירסי,01/10/1991,2464,172850,448250,,פארן,פעילה
57140,פארן - עליון,,ג'ירסי,01/10/1958,,177100,452800,,פארן,לא פעילה
57150,פארן - חלמיש,HALAMISH,ג'ירסי,01/10/1962,2799,183600,464800,,פארן,לא פעילה
57155,כרכום,CARCUM,,01/10/1958,209,182500,475400,,פארן,לא פעילה
57160,ערוד,AROD,,01/10/1959,161,191100,476300,,פארן,פעילה
57165,פארן - צוואר הבקבוק,PARAN - THE BOTTLENECK,ג'ירפי,01/10/1951,3372,197282,470638,,פארן,פעילה
57180,ציחור,ZIHOR,,01/10/1961,166,200800,469100,,פארן,פעילה
57190,פארן - כביש הערבה,PARAN - ARAVA ROAD,ג'ירסי,01/10/1998,3626,214700,478150,,פארן,פעילה
58120,צניפים,ZNIFIM,,01/10/1961,95,184500,443200,,חיון,לא פעילה
58150,חיון - כביש 40,HIYON- 40 ROAD,,01/10/2001,754,200593,455839,,חיון,פעילה
58175,קצב- כביש 40,QEZEV- 40 ROAD,,01/01/2001,65,201731,451602,,חיון,פעילה
58195,חיון-כביש הערבה  דרומי,HIYON-ARAVA ROAD  SOUTH,,01/01/2001,1010,212757,459979,,חיון,לא פעילה
58196,חיון-כביש הערבה  צפוני,HIYON-ARAVA ROAD  NORTH,,01/01/2001,1010,212683,460271,,חיון,לא פעילה
59175,הערבה-עין יהב,ARAVA - EN YAHAV RESERVOIR,,01/01/2001,6259,224216,507883,,ערבה,פעילה
59178,אל בורידה,,Al Burida,01/10/2013,610,227326,513520,,ערבה,פעילה
59180,הערבה-חצבה,ARAVA-HAZAVA,,01/01/2001,8253,228104,519000,,ערבה,לא פעילה
59181,פידאן,FIDAN,,01/10/2013,,228612,519153,,ערבה,פעילה
59183,מסור,MASOR,,01/10/2000,32,224906,520565,,ערבה,פעילה
59185,עובא,UBA,,01/10/1998,116,229900,520750,,ערבה,פעילה
59195,אמציהו- במעלה עין תמר,EMZIYAHY-TAMAR SPRING UPSTREAM,קחילה,01/01/2001,134,235030,539053,,אמציהו,פעילה
60105,יעלון - קיבוץ יהל,YA'ALON - KIBBUZ YAHAL,ביין,01/10/1994,22,210778,444443,,ערבה דרומית,פעילה
60110,הערבה דרומית-יהל,SOUTH ARAVA-YAEL,,01/01/2001,598,212965,442855,,ערבה,פעילה
60140,תמנע - פרק תמנע,TIMNA - PARK,,01/04/2001,21,197383,411291,,תמנע,פעילה
60150,רחם,RAHAM,,01/01/2001,48,192294,398523,,רחם,פעילה
60160,עמרם,'AMRAM,,01/01/2001,4,195319,394988,,נחלי עברונה,פעילה
60170,נטפים,NETAFIM,,01/01/2001,39,191349,389497,,רודד,פעילה
60173,יעל,YAEL,,01/10/2022,1,194005,388752,,רודד,פעילה
60175,תעלת קינט עילון,KENT-UPPER CANAL,,18/02/2014,400,198239,389387,,,לא פעילה
60190,שלמה-אילת,SHELOMO-EILAT,,01/01/2001,15,191272,382091,,נחלי אילת,פעילה
